City,Diplomatic_In_Degree,Diplomatic_Out_Degree,Diplomatic_Degree,Trade_In_Degree,Trade_Out_Degree,Trade_Degree,Combined_In_Degree,Combined_Out_Degree,Combined_Degree,Diplomatic_Betweenness,Trade_Betweenness,Combined_Betweenness,Diplomatic_Closeness,Trade_Closeness,Combined_Closeness,Diplomatic_Eigenvector,Trade_Eigenvector,Combined_Eigenvector,Diplomatic_PageRank,Trade_PageRank,Combined_PageRank,Diplomatic_Clustering,Trade_Clustering,Combined_Clustering,Diplomatic_Community,Trade_Community,Combined_Community
Numancia,0.0,0.007,0.007,0.0,0.007,0.007,0.0,0.013,0.013,0.0,0.0,0.0,0.0,0.0,0.0,0.0,0.0,0.0,0.001,0.002,0.002,0.0,0,0.0,1,1,10
Kemer,0.0,0.007,0.007,0.0,0.007,0.007,0.0,0.013,0.013,0.0,0.0,0.0,0.0,0.0,0.0,0.0,0.0,0.0,0.001,0.002,0.002,0.0,0,0.0,4,11,9
Pomigliano d'Arco,0.0,0.007,0.007,0.0,0.007,0.007,0.0,0.007,0.007,0.0,0.0,0.0,0.0,0.0,0.0,0.0,0.0,0.0,0.001,0.002,0.002,0.0,0,0.0,5,8,4
Nizip,0.027,0.007,0.034,0.027,0.007,0.034,0.034,0.007,0.04,0.002,0.001,0.002,0.033,0.033,0.042,0.0,0.0,0.0,0.007,0.012,0.01,0.0,0,0.0,6,9,6
Valenzano,0.0,0.007,0.007,0.0,0.007,0.007,0.0,0.013,0.013,0.0,0.0,0.0,0.0,0.0,0.0,0.0,0.0,0.0,0.001,0.002,0.002,0.0,0,0.0,13,3,9
Sürmene,0.013,0.007,0.02,0.013,0.007,0.02,0.02,0.013,0.034,0.001,0.001,0.012,0.022,0.027,0.106,0.0,0.0,0.067,0.007,0.014,0.016,0.0,0,0.2,13,13,9
Camargo,0.02,0.007,0.027,0.02,0.007,0.027,0.027,0.007,0.034,0.001,0.001,0.001,0.02,0.02,0.027,0.0,0.0,0.0,0.004,0.007,0.005,0.0,0,0.0,6,9,8
Arezzo,0.0,0.007,0.007,0.0,0.007,0.007,0.0,0.007,0.007,0.0,0.0,0.0,0.0,0.0,0.0,0.0,0.0,0.0,0.001,0.002,0.002,0.0,0,0.0,6,9,8
Imola,0.0,0.007,0.007,0.0,0.007,0.007,0.0,0.013,0.013,0.0,0.0,0.0,0.0,0.0,0.0,0.0,0.0,0.0,0.001,0.002,0.002,0.0,0,0.0,4,9,8
Sagunto,0.0,0.007,0.007,0.0,0.007,0.007,0.0,0.013,0.013,0.0,0.0,0.0,0.0,0.0,0.0,0.0,0.0,0.0,0.001,0.002,0.002,0.0,0,0.0,2,6,3
Calafell,0.007,0.007,0.013,0.007,0.007,0.013,0.007,0.013,0.02,0.0,0.0,0.001,0.007,0.007,0.007,0.0,0.0,0.0,0.002,0.003,0.003,0.0,0,0.0,13,8,5
Sant Adrià de Besòs,0.007,0.007,0.013,0.007,0.007,0.013,0.013,0.007,0.02,0.001,0.0,0.003,0.012,0.007,0.021,0.0,0.0,0.0,0.004,0.003,0.004,0.0,0,0.0,8,2,7
Segundo Ensanche,0.0,0.007,0.007,0.0,0.007,0.007,0.0,0.007,0.007,0.0,0.0,0.0,0.0,0.0,0.0,0.0,0.0,0.0,0.001,0.002,0.002,0.0,0,0.0,7,13,11
Nerviano,0.0,0.007,0.007,0.0,0.007,0.007,0.0,0.013,0.013,0.0,0.0,0.0,0.0,0.0,0.0,0.0,0.0,0.0,0.001,0.002,0.002,0.0,0,0.0,4,2,6
Sestri Levante,0.02,0.007,0.027,0.02,0.007,0.027,0.027,0.013,0.04,0.006,0.001,0.022,0.062,0.033,0.1,0.254,0.0,0.106,0.04,0.013,0.02,0.0,0,0.0,1,3,10
Arrecife,0.0,0.007,0.007,0.0,0.007,0.007,0.0,0.007,0.007,0.0,0.0,0.0,0.0,0.0,0.0,0.0,0.0,0.0,0.001,0.002,0.002,0.0,0,0.0,13,13,9
Lido di Ostia,0.02,0.007,0.027,0.02,0.007,0.027,0.027,0.013,0.04,0.01,0.001,0.031,0.078,0.03,0.108,0.254,0.0,0.073,0.047,0.012,0.023,0.0,0,0.067,10,11,9
Vista Alegre,0.0,0.007,0.007,0.0,0.007,0.007,0.0,0.013,0.013,0.0,0.0,0.0,0.0,0.0,0.0,0.0,0.0,0.0,0.001,0.002,0.002,0.0,0,0.0,6,6,3
Tetuán de las Victorias,0.02,0.007,0.027,0.02,0.007,0.027,0.034,0.007,0.04,0.004,0.0,0.01,0.056,0.02,0.089,0.254,0.0,0.097,0.037,0.007,0.013,0.0,0,0.0,12,12,10
Ejea de los Caballeros,0.0,0.007,0.007,0.0,0.007,0.007,0.0,0.007,0.007,0.0,0.0,0.0,0.0,0.0,0.0,0.0,0.0,0.0,0.001,0.002,0.002,0.0,0,0.0,12,6,11
Guidonia,0.0,0.007,0.007,0.0,0.007,0.007,0.0,0.013,0.013,0.0,0.0,0.0,0.0,0.0,0.0,0.0,0.0,0.0,0.001,0.002,0.002,0.0,0,0.0,6,4,6
Giza,0.027,0.007,0.034,0.027,0.007,0.034,0.047,0.007,0.054,0.004,0.002,0.013,0.107,0.033,0.197,0.334,0.0,0.26,0.07,0.012,0.048,0.0,0,0.0,4,8,5
Keşan,0.0,0.007,0.007,0.0,0.007,0.007,0.0,0.007,0.007,0.0,0.0,0.0,0.0,0.0,0.0,0.0,0.0,0.0,0.001,0.002,0.002,0.0,0,0.0,9,4,8
El Arahal,0.054,0.0,0.054,0.054,0.0,0.054,0.074,0.0,0.074,0.0,0.0,0.0,0.072,0.253,0.287,0.0,1.0,0.652,0.015,0.152,0.092,0.0,0,0.0,11,7,2
Kozan,0.007,0.007,0.013,0.007,0.007,0.013,0.007,0.007,0.013,0.0,0.0,0.0,0.007,0.007,0.007,0.0,0.0,0.0,0.002,0.003,0.003,0.0,0,0.0,5,8,4
Akçaabat,0.02,0.007,0.027,0.02,0.007,0.027,0.027,0.007,0.034,0.001,0.001,0.005,0.02,0.021,0.028,0.0,0.0,0.0,0.004,0.008,0.007,0.0,0,0.0,12,6,11
Tunceli,0.0,0.007,0.007,0.0,0.007,0.007,0.0,0.007,0.007,0.0,0.0,0.0,0.0,0.0,0.0,0.0,0.0,0.0,0.001,0.002,0.002,0.0,0,0.0,4,5,5
San Roque,0.0,0.007,0.007,0.0,0.007,0.007,0.0,0.007,0.007,0.0,0.0,0.0,0.0,0.0,0.0,0.0,0.0,0.0,0.001,0.002,0.002,0.0,0,0.0,3,10,1
Vigevano,0.0,0.007,0.007,0.0,0.007,0.007,0.0,0.007,0.007,0.0,0.0,0.0,0.0,0.0,0.0,0.0,0.0,0.0,0.001,0.002,0.002,0.0,0,0.0,6,9,8
San Donato Milanese,0.007,0.007,0.013,0.007,0.007,0.013,0.007,0.007,0.013,0.002,0.0,0.004,0.012,0.009,0.017,0.0,0.0,0.0,0.004,0.005,0.005,0.0,0,0.0,8,2,7
La Solana,0.02,0.007,0.027,0.02,0.007,0.027,0.034,0.007,0.04,0.007,0.001,0.022,0.066,0.02,0.111,0.254,0.0,0.117,0.042,0.007,0.017,0.0,0,0.0,1,3,6
Abū Ţisht,0.027,0.007,0.034,0.027,0.007,0.034,0.047,0.007,0.054,0.0,0.001,0.001,0.027,0.056,0.117,0.0,0.006,0.117,0.005,0.032,0.018,0.0,0,0.0,11,7,2
Saronno,0.013,0.007,0.02,0.013,0.007,0.02,0.02,0.013,0.034,0.001,0.0,0.002,0.013,0.013,0.02,0.0,0.0,0.0,0.003,0.005,0.004,0.0,0,0.0,10,7,10
Ḩalwān,0.0,0.007,0.007,0.0,0.007,0.007,0.0,0.007,0.007,0.0,0.0,0.0,0.0,0.0,0.0,0.0,0.0,0.0,0.001,0.002,0.002,0.0,0,0.0,3,10,1
Sant Carles de la Ràpita,0.02,0.007,0.027,0.02,0.007,0.027,0.034,0.013,0.047,0.001,0.001,0.005,0.021,0.021,0.036,0.0,0.0,0.0,0.005,0.008,0.007,0.0,0,0.048,13,13,9
Adeje,0.0,0.007,0.007,0.0,0.007,0.007,0.0,0.007,0.007,0.0,0.0,0.0,0.0,0.0,0.0,0.0,0.0,0.0,0.001,0.002,0.002,0.0,0,0.0,7,2,6
Reggio nell'Emilia,0.0,0.007,0.007,0.0,0.007,0.007,0.0,0.007,0.007,0.0,0.0,0.0,0.0,0.0,0.0,0.0,0.0,0.0,0.001,0.002,0.002,0.0,0,0.0,1,3,10
Cármenes,0.0,0.007,0.007,0.0,0.007,0.007,0.0,0.013,0.013,0.0,0.0,0.0,0.0,0.0,0.0,0.0,0.0,0.0,0.001,0.002,0.002,0.0,0,0.0,8,5,5
Manduria,0.0,0.007,0.007,0.0,0.007,0.007,0.0,0.007,0.007,0.0,0.0,0.0,0.0,0.0,0.0,0.0,0.0,0.0,0.001,0.002,0.002,0.0,0,0.0,13,8,5
Dumyāţ al Jadīdah,0.0,0.007,0.007,0.0,0.007,0.007,0.0,0.007,0.007,0.0,0.0,0.0,0.0,0.0,0.0,0.0,0.0,0.0,0.001,0.002,0.002,0.0,0,0.0,2,1,3
Sant Quirze del Vallès,0.0,0.007,0.007,0.0,0.007,0.007,0.0,0.007,0.007,0.0,0.0,0.0,0.0,0.0,0.0,0.0,0.0,0.0,0.001,0.002,0.002,0.0,0,0.0,1,3,6
Aydın,0.027,0.007,0.034,0.027,0.007,0.034,0.04,0.013,0.054,0.009,0.002,0.027,0.074,0.054,0.127,0.254,0.0,0.128,0.046,0.029,0.028,0.0,0,0.071,1,13,9
Buenavista,0.074,0.007,0.081,0.074,0.007,0.081,0.107,0.013,0.121,0.005,0.006,0.023,0.126,0.174,0.225,0.334,0.001,0.285,0.075,0.088,0.09,0.0,0,0.007,4,4,8
Molfetta,0.054,0.007,0.06,0.054,0.007,0.06,0.074,0.007,0.081,0.003,0.005,0.016,0.07,0.11,0.158,0.0,0.0,0.097,0.016,0.048,0.036,0.0,0,0.0,2,1,3
Al Fayyum,0.02,0.007,0.027,0.02,0.007,0.027,0.027,0.007,0.034,0.0,0.003,0.002,0.021,0.14,0.189,0.0,0.025,0.26,0.005,0.081,0.044,0.0,0,0.0,11,7,7
Rho,0.0,0.007,0.007,0.0,0.007,0.007,0.0,0.007,0.007,0.0,0.0,0.0,0.0,0.0,0.0,0.0,0.0,0.0,0.001,0.002,0.002,0.0,0,0.0,4,4,8
Benalmádena,0.007,0.007,0.013,0.007,0.007,0.013,0.013,0.007,0.02,0.0,0.0,0.0,0.007,0.007,0.013,0.0,0.0,0.0,0.002,0.003,0.003,0.0,0,0.0,11,7,8
Almassora,0.0,0.007,0.007,0.0,0.007,0.007,0.0,0.013,0.013,0.0,0.0,0.0,0.0,0.0,0.0,0.0,0.0,0.0,0.001,0.002,0.002,0.0,0,0.0,11,4,8
Kirdāsah,0.0,0.007,0.007,0.0,0.007,0.007,0.0,0.013,0.013,0.0,0.0,0.0,0.0,0.0,0.0,0.0,0.0,0.0,0.001,0.002,0.002,0.0,0,0.0,11,12,2
Kozluk,0.0,0.007,0.007,0.0,0.007,0.007,0.0,0.007,0.007,0.0,0.0,0.0,0.0,0.0,0.0,0.0,0.0,0.0,0.001,0.002,0.002,0.0,0,0.0,11,7,2
Dalaman,0.0,0.007,0.007,0.0,0.007,0.007,0.0,0.007,0.007,0.0,0.0,0.0,0.0,0.0,0.0,0.0,0.0,0.0,0.001,0.002,0.002,0.0,0,0.0,2,1,3
Fabriano,0.0,0.007,0.007,0.0,0.007,0.007,0.0,0.013,0.013,0.0,0.0,0.0,0.0,0.0,0.0,0.0,0.0,0.0,0.001,0.002,0.002,0.0,0,0.0,12,7,2
Terracina,0.0,0.007,0.007,0.0,0.007,0.007,0.0,0.013,0.013,0.0,0.0,0.0,0.0,0.0,0.0,0.0,0.0,0.0,0.001,0.002,0.002,0.0,0,0.0,11,4,8
Vic,0.0,0.007,0.007,0.0,0.007,0.007,0.0,0.007,0.007,0.0,0.0,0.0,0.0,0.0,0.0,0.0,0.0,0.0,0.001,0.002,0.002,0.0,0,0.0,6,9,6
Chipiona,0.0,0.007,0.007,0.0,0.007,0.007,0.0,0.007,0.007,0.0,0.0,0.0,0.0,0.0,0.0,0.0,0.0,0.0,0.001,0.002,0.002,0.0,0,0.0,4,7,8
Villarrobledo,0.0,0.007,0.007,0.0,0.007,0.007,0.0,0.013,0.013,0.0,0.0,0.0,0.0,0.0,0.0,0.0,0.0,0.0,0.001,0.002,0.002,0.0,0,0.0,13,8,9
Sivas,0.0,0.007,0.007,0.0,0.007,0.007,0.0,0.007,0.007,0.0,0.0,0.0,0.0,0.0,0.0,0.0,0.0,0.0,0.001,0.002,0.002,0.0,0,0.0,3,5,1
Sohag,0.013,0.007,0.02,0.013,0.007,0.02,0.013,0.007,0.02,0.002,0.001,0.004,0.015,0.015,0.015,0.0,0.0,0.0,0.004,0.006,0.005,0.0,0,0.0,7,13,11
Somma Vesuviana,0.0,0.007,0.007,0.0,0.007,0.007,0.0,0.013,0.013,0.0,0.0,0.0,0.0,0.0,0.0,0.0,0.0,0.0,0.001,0.002,0.002,0.0,0,0.0,7,3,6
Ruvo di Puglia,0.013,0.007,0.02,0.013,0.007,0.02,0.02,0.007,0.027,0.005,0.0,0.006,0.025,0.013,0.04,0.0,0.0,0.0,0.009,0.005,0.007,0.0,0,0.0,7,2,6
Ar Raḩmānīyah,0.0,0.007,0.007,0.0,0.007,0.007,0.0,0.007,0.007,0.0,0.0,0.0,0.0,0.0,0.0,0.0,0.0,0.0,0.001,0.002,0.002,0.0,0,0.0,5,8,4
Tradate,0.0,0.007,0.007,0.0,0.007,0.007,0.0,0.007,0.007,0.0,0.0,0.0,0.0,0.0,0.0,0.0,0.0,0.0,0.001,0.002,0.002,0.0,0,0.0,8,2,3
Sambiase,0.0,0.007,0.007,0.0,0.007,0.007,0.0,0.007,0.007,0.0,0.0,0.0,0.0,0.0,0.0,0.0,0.0,0.0,0.001,0.002,0.002,0.0,0,0.0,11,7,7
Città di Castello,0.0,0.007,0.007,0.0,0.007,0.007,0.0,0.013,0.013,0.0,0.0,0.0,0.0,0.0,0.0,0.0,0.0,0.0,0.001,0.002,0.002,0.0,0,0.0,4,13,5
At Tall al Kabīr,0.0,0.007,0.007,0.0,0.007,0.007,0.0,0.013,0.013,0.0,0.0,0.0,0.0,0.0,0.0,0.0,0.0,0.0,0.001,0.002,0.002,0.0,0,0.0,2,7,10
Ponferrada,0.0,0.007,0.007,0.0,0.007,0.007,0.0,0.007,0.007,0.0,0.0,0.0,0.0,0.0,0.0,0.0,0.0,0.0,0.001,0.002,0.002,0.0,0,0.0,11,7,2
Messina,0.02,0.007,0.027,0.02,0.007,0.027,0.027,0.013,0.04,0.001,0.0,0.002,0.02,0.02,0.027,0.0,0.0,0.0,0.004,0.007,0.005,0.0,0,0.0,4,5,5
İnegol,0.0,0.007,0.007,0.0,0.007,0.007,0.0,0.013,0.013,0.0,0.0,0.0,0.0,0.0,0.0,0.0,0.0,0.0,0.001,0.002,0.002,0.0,0,0.0,11,13,2
Karabağlar,0.0,0.007,0.007,0.0,0.007,0.007,0.0,0.007,0.007,0.0,0.0,0.0,0.0,0.0,0.0,0.0,0.0,0.0,0.001,0.002,0.002,0.0,0,0.0,10,4,9
Kağızman,0.007,0.007,0.013,0.007,0.007,0.013,0.007,0.013,0.02,0.002,0.001,0.005,0.013,0.013,0.013,0.0,0.0,0.0,0.004,0.007,0.006,0.0,0,0.0,7,13,11
Valdepeñas,0.0,0.007,0.007,0.0,0.007,0.007,0.0,0.013,0.013,0.0,0.0,0.0,0.0,0.0,0.0,0.0,0.0,0.0,0.001,0.002,0.002,0.0,0,0.0,1,11,10
Concepción,0.02,0.007,0.027,0.02,0.007,0.027,0.027,0.007,0.034,0.01,0.001,0.028,0.078,0.02,0.11,0.254,0.0,0.081,0.047,0.007,0.018,0.0,0,0.0,10,11,10
Mudanya,0.0,0.007,0.007,0.0,0.007,0.007,0.0,0.013,0.013,0.0,0.0,0.0,0.0,0.0,0.0,0.0,0.0,0.0,0.001,0.002,0.002,0.0,0,0.0,1,4,6
Ventas,0.02,0.007,0.027,0.02,0.007,0.027,0.02,0.007,0.027,0.001,0.001,0.001,0.021,0.021,0.021,0.0,0.0,0.0,0.005,0.008,0.006,0.0,0,0.0,5,8,4
An Nāşirīyah,0.007,0.007,0.013,0.007,0.007,0.013,0.013,0.007,0.02,0.0,0.0,0.004,0.039,0.007,0.107,0.185,0.0,0.229,0.035,0.003,0.017,1.0,0,0.333,3,10,1
Lugo,0.027,0.007,0.034,0.027,0.007,0.034,0.027,0.013,0.04,0.008,0.001,0.012,0.04,0.033,0.055,0.0,0.0,0.0,0.014,0.013,0.014,0.0,0,0.0,8,2,3
Seveso,0.0,0.007,0.007,0.0,0.007,0.007,0.0,0.013,0.013,0.0,0.0,0.0,0.0,0.0,0.0,0.0,0.0,0.0,0.001,0.002,0.002,0.0,0,0.0,11,2,7
Redondela,0.0,0.007,0.007,0.0,0.007,0.007,0.0,0.013,0.013,0.0,0.0,0.0,0.0,0.0,0.0,0.0,0.0,0.0,0.001,0.002,0.002,0.0,0,1.0,12,6,3
Justicia,0.0,0.007,0.007,0.0,0.007,0.007,0.0,0.007,0.007,0.0,0.0,0.0,0.0,0.0,0.0,0.0,0.0,0.0,0.001,0.002,0.002,0.0,0,0.0,11,7,2
Zaragoza,0.013,0.007,0.02,0.013,0.007,0.02,0.027,0.007,0.034,0.008,0.0,0.01,0.036,0.013,0.053,0.0,0.0,0.0,0.014,0.005,0.009,0.0,0,0.1,8,6,3
Banhā,0.0,0.007,0.007,0.0,0.007,0.007,0.0,0.013,0.013,0.0,0.0,0.0,0.0,0.0,0.0,0.0,0.0,0.0,0.001,0.002,0.002,0.0,0,0.0,11,10,10
Fidenza,0.0,0.007,0.007,0.0,0.007,0.007,0.0,0.007,0.007,0.0,0.0,0.0,0.0,0.0,0.0,0.0,0.0,0.0,0.001,0.002,0.002,0.0,0,0.0,5,8,4
Lanciano,0.0,0.007,0.007,0.0,0.007,0.007,0.0,0.007,0.007,0.0,0.0,0.0,0.0,0.0,0.0,0.0,0.0,0.0,0.001,0.002,0.002,0.0,0,0.0,4,4,8
Villaquilambre,0.027,0.007,0.034,0.027,0.007,0.034,0.04,0.013,0.054,0.001,0.001,0.01,0.054,0.054,0.126,0.185,0.0,0.251,0.04,0.025,0.034,0.1,0,0.036,3,5,1
Bronte,0.034,0.007,0.04,0.034,0.007,0.04,0.034,0.007,0.04,0.001,0.001,0.001,0.042,0.043,0.097,0.185,0.0,0.208,0.037,0.017,0.025,0.067,0,0.067,3,10,1
Cuenca,0.007,0.007,0.013,0.007,0.007,0.013,0.007,0.007,0.013,0.0,0.0,0.001,0.007,0.007,0.007,0.0,0.0,0.0,0.002,0.003,0.003,0.0,0,0.0,12,12,2
Marsala,0.0,0.007,0.007,0.0,0.007,0.007,0.0,0.013,0.013,0.0,0.0,0.0,0.0,0.0,0.0,0.0,0.0,0.0,0.001,0.002,0.002,0.0,0,0.0,1,3,10
İznik,0.0,0.007,0.007,0.0,0.007,0.007,0.0,0.007,0.007,0.0,0.0,0.0,0.0,0.0,0.0,0.0,0.0,0.0,0.001,0.002,0.002,0.0,0,0.0,1,13,9
Alaşehir,0.02,0.007,0.027,0.02,0.007,0.027,0.027,0.013,0.04,0.002,0.0,0.005,0.024,0.02,0.033,0.0,0.0,0.0,0.005,0.007,0.006,0.0,0,0.0,10,4,9
Al Qanāţir al Khayrīyah,0.0,0.007,0.007,0.0,0.007,0.007,0.0,0.013,0.013,0.0,0.0,0.0,0.0,0.0,0.0,0.0,0.0,0.0,0.001,0.002,0.002,0.0,0,0.0,2,12,10
Ronda,0.0,0.007,0.007,0.0,0.007,0.007,0.0,0.007,0.007,0.0,0.0,0.0,0.0,0.0,0.0,0.0,0.0,0.0,0.001,0.002,0.002,0.0,0,0.0,12,1,3
Monza,0.027,0.007,0.034,0.027,0.007,0.034,0.047,0.013,0.06,0.004,0.001,0.007,0.025,0.027,0.042,0.0,0.0,0.0,0.008,0.008,0.008,0.0,0,0.0,7,4,6
Agrigento,0.007,0.007,0.013,0.007,0.007,0.013,0.007,0.007,0.013,0.002,0.001,0.007,0.081,0.024,0.161,0.334,0.0,0.237,0.06,0.012,0.042,0.0,0,0.0,4,8,4
El Viso del Alcor,0.0,0.007,0.007,0.0,0.007,0.007,0.0,0.007,0.007,0.0,0.0,0.0,0.0,0.0,0.0,0.0,0.0,0.0,0.001,0.002,0.002,0.0,0,0.0,12,12,10
Lüleburgaz,0.0,0.007,0.007,0.0,0.007,0.007,0.0,0.007,0.007,0.0,0.0,0.0,0.0,0.0,0.0,0.0,0.0,0.0,0.001,0.002,0.002,0.0,0,0.0,3,10,1
Sant'Anastasia,0.0,0.007,0.007,0.0,0.007,0.007,0.0,0.013,0.013,0.0,0.0,0.0,0.0,0.0,0.0,0.0,0.0,0.0,0.001,0.002,0.002,0.0,0,0.0,8,13,9
Arcos de la Frontera,0.0,0.007,0.007,0.0,0.007,0.007,0.0,0.007,0.007,0.0,0.0,0.0,0.0,0.0,0.0,0.0,0.0,0.0,0.001,0.002,0.002,0.0,0,0.0,10,7,10
Logroño,0.0,0.007,0.007,0.0,0.007,0.007,0.0,0.013,0.013,0.0,0.0,0.0,0.0,0.0,0.0,0.0,0.0,0.0,0.001,0.002,0.002,0.0,0,0.0,10,4,9
Quwaysinā,0.0,0.007,0.007,0.0,0.007,0.007,0.0,0.007,0.007,0.0,0.0,0.0,0.0,0.0,0.0,0.0,0.0,0.0,0.001,0.002,0.002,0.0,0,0.0,4,5,5
Patnos,0.0,0.007,0.007,0.0,0.007,0.007,0.0,0.013,0.013,0.0,0.0,0.0,0.0,0.0,0.0,0.0,0.0,0.0,0.001,0.002,0.002,0.0,0,0.0,3,8,5
Avellino,0.0,0.007,0.007,0.0,0.007,0.007,0.0,0.007,0.007,0.0,0.0,0.0,0.0,0.0,0.0,0.0,0.0,0.0,0.001,0.002,0.002,0.0,0,0.0,8,8,9
Illescas,0.0,0.007,0.007,0.0,0.007,0.007,0.0,0.007,0.007,0.0,0.0,0.0,0.0,0.0,0.0,0.0,0.0,0.0,0.001,0.002,0.002,0.0,0,0.0,10,11,10
la Nova Esquerra de l'Eixample,0.007,0.007,0.013,0.007,0.007,0.013,0.013,0.007,0.02,0.0,0.0,0.001,0.007,0.007,0.013,0.0,0.0,0.0,0.002,0.003,0.003,0.0,0,0.0,10,11,9
Barbastro,0.0,0.007,0.007,0.0,0.007,0.007,0.0,0.013,0.013,0.0,0.0,0.0,0.0,0.0,0.0,0.0,0.0,0.0,0.001,0.002,0.002,0.0,0,0.0,1,6,11
Orbassano,0.0,0.007,0.007,0.0,0.007,0.007,0.0,0.007,0.007,0.0,0.0,0.0,0.0,0.0,0.0,0.0,0.0,0.0,0.001,0.002,0.002,0.0,0,0.0,2,1,10
Paiporta,0.0,0.007,0.007,0.0,0.007,0.007,0.0,0.013,0.013,0.0,0.0,0.0,0.0,0.0,0.0,0.0,0.0,0.0,0.001,0.002,0.002,0.0,0,0.0,11,10,1
Kawm Ḩamādah,0.0,0.007,0.007,0.0,0.007,0.007,0.0,0.007,0.007,0.0,0.0,0.0,0.0,0.0,0.0,0.0,0.0,0.0,0.001,0.002,0.002,0.0,0,0.0,9,4,8
Cremona,0.013,0.007,0.02,0.013,0.007,0.02,0.02,0.007,0.027,0.001,0.0,0.0,0.015,0.013,0.021,0.0,0.0,0.0,0.004,0.005,0.005,0.0,0,0.167,9,4,8
Pollença,0.0,0.007,0.007,0.0,0.007,0.007,0.0,0.007,0.007,0.0,0.0,0.0,0.0,0.0,0.0,0.0,0.0,0.0,0.001,0.002,0.002,0.0,0,0.0,12,6,11
Taşköprü,0.027,0.007,0.034,0.027,0.007,0.034,0.034,0.013,0.047,0.012,0.001,0.03,0.089,0.056,0.128,0.254,0.0,0.088,0.051,0.026,0.032,0.0,0,0.0,12,12,2
Pinar del Rey,0.007,0.007,0.013,0.007,0.007,0.013,0.007,0.007,0.013,0.0,0.0,0.0,0.007,0.007,0.007,0.0,0.0,0.0,0.002,0.003,0.003,0.0,0,0.0,11,7,7
Al Khānkah,0.0,0.007,0.007,0.0,0.007,0.007,0.0,0.013,0.013,0.0,0.0,0.0,0.0,0.0,0.0,0.0,0.0,0.0,0.001,0.002,0.002,0.0,0,0.0,10,3,10
Şarkîkaraağaç,0.0,0.007,0.007,0.0,0.007,0.007,0.0,0.007,0.007,0.0,0.0,0.0,0.0,0.0,0.0,0.0,0.0,0.0,0.001,0.002,0.002,0.0,0,0.0,10,4,9
Figueres,0.013,0.007,0.02,0.013,0.007,0.02,0.02,0.007,0.027,0.0,0.0,0.001,0.013,0.013,0.02,0.0,0.0,0.0,0.003,0.005,0.004,0.0,0,0.0,2,1,10
Qahā,0.0,0.007,0.007,0.0,0.007,0.007,0.0,0.007,0.007,0.0,0.0,0.0,0.0,0.0,0.0,0.0,0.0,0.0,0.001,0.002,0.002,0.0,0,0.0,8,2,3
Bergamo,0.0,0.007,0.007,0.0,0.007,0.007,0.0,0.013,0.013,0.0,0.0,0.0,0.0,0.0,0.0,0.0,0.0,0.0,0.001,0.002,0.002,0.0,0,0.0,3,5,1
San Fernando de Henares,0.0,0.007,0.007,0.0,0.007,0.007,0.0,0.007,0.007,0.0,0.0,0.0,0.0,0.0,0.0,0.0,0.0,0.0,0.001,0.002,0.002,0.0,0,0.0,11,7,7
Al Minshāh,0.0,0.007,0.007,0.0,0.007,0.007,0.0,0.013,0.013,0.0,0.0,0.0,0.0,0.0,0.0,0.0,0.0,0.0,0.001,0.002,0.002,0.0,0,0.0,11,4,2
Estrella,0.0,0.007,0.007,0.0,0.007,0.007,0.0,0.007,0.007,0.0,0.0,0.0,0.0,0.0,0.0,0.0,0.0,0.0,0.001,0.002,0.002,0.0,0,0.0,4,4,8
Balıkesir,0.007,0.007,0.013,0.007,0.007,0.013,0.007,0.007,0.013,0.0,0.0,0.0,0.007,0.007,0.007,0.0,0.0,0.0,0.002,0.003,0.003,0.0,0,0.0,3,10,1
Salamanca,0.0,0.007,0.007,0.0,0.007,0.007,0.0,0.007,0.007,0.0,0.0,0.0,0.0,0.0,0.0,0.0,0.0,0.0,0.001,0.002,0.002,0.0,0,0.0,4,8,4
Sharm el-Sheikh,0.027,0.007,0.034,0.027,0.007,0.034,0.04,0.007,0.047,0.009,0.001,0.019,0.049,0.039,0.075,0.0,0.0,0.0,0.019,0.016,0.018,0.0,0,0.048,12,6,3
Marbella,0.007,0.007,0.013,0.007,0.007,0.013,0.007,0.013,0.02,0.0,0.0,0.0,0.007,0.007,0.007,0.0,0.0,0.0,0.002,0.003,0.003,0.0,0,0.0,4,7,8
Al Qanţarah,0.0,0.007,0.007,0.0,0.007,0.007,0.0,0.013,0.013,0.0,0.0,0.0,0.0,0.0,0.0,0.0,0.0,0.0,0.001,0.002,0.002,0.0,0,0.0,4,11,9
San Severo,0.02,0.007,0.027,0.02,0.007,0.027,0.02,0.007,0.027,0.001,0.002,0.003,0.073,0.04,0.14,0.334,0.0,0.216,0.057,0.021,0.044,0.0,0,0.0,4,8,4
Burriana,0.013,0.007,0.02,0.013,0.007,0.02,0.02,0.007,0.027,0.001,0.0,0.002,0.013,0.013,0.02,0.0,0.0,0.0,0.003,0.005,0.004,0.0,0,0.0,1,3,10
Casamassima,0.0,0.007,0.007,0.0,0.007,0.007,0.0,0.007,0.007,0.0,0.0,0.0,0.0,0.0,0.0,0.0,0.0,0.0,0.001,0.002,0.002,0.0,0,0.0,3,10,1
Las Cabezas de San Juan,0.013,0.007,0.02,0.013,0.007,0.02,0.027,0.013,0.04,0.001,0.0,0.002,0.013,0.013,0.027,0.0,0.0,0.0,0.003,0.005,0.004,0.0,0,0.0,1,10,10
Monreale,0.007,0.007,0.013,0.007,0.007,0.013,0.007,0.007,0.013,0.001,0.0,0.001,0.007,0.007,0.007,0.0,0.0,0.0,0.002,0.003,0.003,0.0,0,0.0,7,13,11
Villanueva del Pardillo,0.013,0.007,0.02,0.013,0.007,0.02,0.02,0.013,0.034,0.001,0.001,0.002,0.013,0.013,0.02,0.0,0.0,0.0,0.003,0.005,0.004,0.0,0,0.0,8,8,9
Leioa,0.0,0.007,0.007,0.0,0.007,0.007,0.0,0.007,0.007,0.0,0.0,0.0,0.0,0.0,0.0,0.0,0.0,0.0,0.001,0.002,0.002,0.0,0,0.0,6,9,6
Avilés,0.007,0.007,0.013,0.007,0.007,0.013,0.007,0.007,0.013,0.0,0.0,0.0,0.007,0.007,0.007,0.0,0.0,0.0,0.002,0.003,0.003,0.0,0,0.0,2,1,3
Bulanık,0.0,0.007,0.007,0.0,0.007,0.007,0.0,0.007,0.007,0.0,0.0,0.0,0.0,0.0,0.0,0.0,0.0,0.0,0.001,0.002,0.002,0.0,0,0.0,10,11,10
Nettuno,0.0,0.007,0.007,0.0,0.007,0.007,0.0,0.013,0.013,0.0,0.0,0.0,0.0,0.0,0.0,0.0,0.0,0.0,0.001,0.002,0.002,0.0,0,0.0,12,4,11
Lavapiés,0.0,0.007,0.007,0.0,0.007,0.007,0.0,0.007,0.007,0.0,0.0,0.0,0.0,0.0,0.0,0.0,0.0,0.0,0.001,0.002,0.002,0.0,0,0.0,2,1,3
Afşin,0.0,0.007,0.007,0.0,0.007,0.007,0.0,0.007,0.007,0.0,0.0,0.0,0.0,0.0,0.0,0.0,0.0,0.0,0.001,0.002,0.002,0.0,0,0.0,12,12,2
Morón de la Frontera,0.0,0.007,0.007,0.0,0.007,0.007,0.0,0.007,0.007,0.0,0.0,0.0,0.0,0.0,0.0,0.0,0.0,0.0,0.001,0.002,0.002,0.0,0,0.0,7,4,6
Lodi,0.0,0.007,0.007,0.0,0.007,0.007,0.0,0.013,0.013,0.0,0.0,0.0,0.0,0.0,0.0,0.0,0.0,0.0,0.001,0.002,0.002,0.0,0,0.0,4,7,8
Kafr Sa‘d,0.0,0.007,0.007,0.0,0.007,0.007,0.0,0.013,0.013,0.0,0.0,0.0,0.0,0.0,0.0,0.0,0.0,0.0,0.001,0.002,0.002,0.0,0,0.0,1,12,10
Puerta Bonita,0.0,0.007,0.007,0.0,0.007,0.007,0.0,0.007,0.007,0.0,0.0,0.0,0.0,0.0,0.0,0.0,0.0,0.0,0.001,0.002,0.002,0.0,0,0.0,7,13,11
Selçuk,0.013,0.007,0.02,0.013,0.007,0.02,0.02,0.007,0.027,0.0,0.001,0.001,0.013,0.018,0.03,0.0,0.0,0.0,0.003,0.008,0.005,0.0,0,0.0,3,10,1
Iglesias,0.007,0.007,0.013,0.007,0.007,0.013,0.007,0.013,0.02,0.0,0.0,0.001,0.007,0.007,0.007,0.0,0.0,0.0,0.002,0.003,0.003,0.0,0,0.0,12,1,3
Caserta,0.0,0.007,0.007,0.0,0.007,0.007,0.0,0.013,0.013,0.0,0.0,0.0,0.0,0.0,0.0,0.0,0.0,0.0,0.001,0.002,0.002,0.0,0,0.0,2,6,3
Badr,0.0,0.007,0.007,0.0,0.007,0.007,0.0,0.013,0.013,0.0,0.0,0.0,0.0,0.0,0.0,0.0,0.0,0.0,0.001,0.002,0.002,0.0,0,0.0,12,10,10
Iturrama,0.007,0.007,0.013,0.007,0.007,0.013,0.013,0.007,0.02,0.0,0.001,0.002,0.007,0.013,0.017,0.0,0.0,0.0,0.002,0.008,0.005,0.0,0,0.0,1,13,11
Llefià,0.007,0.007,0.013,0.007,0.007,0.013,0.007,0.013,0.02,0.0,0.0,0.0,0.007,0.007,0.007,0.0,0.0,0.0,0.002,0.003,0.003,0.0,0,0.333,9,4,8
Santeramo in Colle,0.0,0.007,0.007,0.0,0.007,0.007,0.0,0.007,0.007,0.0,0.0,0.0,0.0,0.0,0.0,0.0,0.0,0.0,0.001,0.002,0.002,0.0,0,0.0,4,8,5
Boiro,0.007,0.007,0.013,0.007,0.007,0.013,0.013,0.013,0.027,0.003,0.0,0.005,0.013,0.007,0.017,0.0,0.0,0.0,0.005,0.003,0.005,0.0,0,0.0,7,6,11
Emet,0.0,0.007,0.007,0.0,0.007,0.007,0.0,0.013,0.013,0.0,0.0,0.0,0.0,0.0,0.0,0.0,0.0,0.0,0.001,0.002,0.002,0.0,0,0.0,7,9,6
Rivas-Vaciamadrid,0.007,0.007,0.013,0.007,0.007,0.013,0.013,0.007,0.02,0.0,0.0,0.002,0.009,0.007,0.015,0.0,0.0,0.0,0.003,0.003,0.003,0.0,0,0.0,13,13,5
